T [ms],AccX [mg],AccY [mg],AccZ [mg],GyroX [mdps],GyroY [mdps],GyroZ [mdps],MagX [mgauss],MagY [mgauss],MagZ [mgauss],P [mB],T [°C],
269114, 22, 29, -990, -1470, -2380, -630, -115, -399, 646, 1014.67, 39.79
269154, 17, 24, -990, 1330, -1540, -840, -111, -405, 646, 1014.64, 39.78
269194, 31, 16, -985, 2030, 2170, 420, -115, -394, 652, 1014.63, 39.78
269234, 23, 32, -983, -1330, 1610, 1400, -120, -396, 645, 1014.66, 39.77
269274, 28, 23, -982, 2520, -280, 980, -121, -397, 649, 1014.70, 39.76
269314, 27, 17, -977, 5810, -4270, -350, -123, -396, 655, 1014.66, 39.75
269354, 18, 4, -979, 7140, -4340, -420, -121, -399, 643, 1014.62, 39.75
269394, 19, 9, -981, 3150, -2660, -210, -108, -405, 649, 1014.64, 39.75
269434, 24, 8, -986, 5180, -3640, 0, -109, -408, 643, 1014.69, 39.74
269474, -1, -8, -980, 5670, -5600, -980, -120, -415, 646, 1014.63, 39.74
269514, 20, 7, -984, 910, 2380, -910, -117, -415, 642, 1014.66, 39.73
269554, 16, -15, -976, 7140, 1190, -840, -114, -415, 646, 1014.64, 39.72
269594, 18, -4, -983, 1890, -420, -140, -115, -423, 645, 1014.62, 39.72
269634, 15, -8, -983, 630, -420, 0, -114, -430, 651, 1014.63, 39.72
269674, 15, -9, -982, 280, -350, 70, -117, -429, 646, 1014.64, 39.70
269714, 15, -10, -983, 140, -350, 140, -114, -426, 646, 1014.62, 39.70
269754, 15, -10, -981, -70, -280, 140, -109, -423, 649, 1014.60, 39.69
269794, 15, -9, -981, -140, -280, 210, -114, -423, 645, 1014.65, 39.69
269834, 15, -10, -982, -210, -350, 210, -105, -424, 646, 1014.62, 39.68
269874, 15, -10, -982, -280, -350, 210, -117, -426, 648, 1014.65, 39.68
269914, 16, -10, -980, -280, -280, 210, -114, -423, 649, 1014.64, 39.67
269954, 16, -10, -982, -350, -350, 210, -112, -433, 648, 1014.65, 39.67
269994, 15, -11, -983, -350, -350, 210, -115, -432, 646, 1014.60, 39.66
270034, 16, -11, -981, -420, -350, 210, -109, -438, 652, 1014.68, 39.66
270074, -8, 49, -1003, -840, -560, 350, -115, -433, 643, 1014.69, 39.66
270114, 46, -72, -958, -70, -140, 3220, -103, -433, 652, 1014.73, 39.65
270154, 13, -10, -985, -420, 0, 5460, -108, -441, 645, 1014.67, 39.65
270194, -28, 19, -957, -1050, -1050, 5320, -108, -432, 648, 1014.65, 39.65
270234, 81, -62, -976, 1050, 910, 7140, -109, -430, 645, 1014.65, 39.65
270274, -10, -5, -988, -1190, -840, 3640, -112, -427, 642, 1014.64, 39.65
270314, 13, -7, -983, -490, 70, -70, -108, -426, 639, 1014.67, 39.64
270354, 18, 0, -980, -490, -70, -1120, -106, -427, 639, 1014.68, 39.64
270394, 17, -24, -983, -560, -350, 280, -109, -426, 643, 1014.67, 39.64
270434, 12, -17, -983, -700, -420, 70, -112, -423, 651, 1014.67, 39.64
270474, 19, -14, -982, -490, 70, 490, -112, -418, 637, 1014.69, 39.63
270514, 15, -13, -982, -490, -210, 980, -112, -423, 633, 1014.60, 39.63
270554, 2, -9, -985, -630, -350, 420, -115, -426, 642, 1014.60, 39.63
270594, 31, -14, -981, -560, 770, 420, -112, -415, 637, 1014.69, 39.64
270634, 1, -15, -983, -910, -560, 70, -109, -418, 646, 1014.67, 39.63
270674, 73, 18, -973, -70, 2730, 980, -109, -420, 648, 1014.66, 39.63
270714, -94, -19, -987, -980, -4690, 840, -117, -432, 631, 1014.65, 39.64
270754, 154, -157, -691, 8050, 6230, -3990, -114, -420, 636, 1014.64, 39.63
270794, -72, 68, -997, -11620, -7630, -5180, -109, -424, 627, 1014.65, 39.63
270834, 15, 42, -998, 2310, 910, 0, -111, -427, 631, 1014.65, 39.63
270874, -1, -13, -982, -140, -280, 4060, -115, -424, 625, 1014.71, 39.63
270914, 8, -63, -969, -280, 280, 3220, -118, -426, 627, 1014.67, 39.63
270954, 39, 4, -995, -1960, -1470, -2520, -120, -417, 634, 1014.64, 39.63
270994, 9, 13, -984, -5320, -1400, -3220, -117, -414, 631, 1014.66, 39.63
271034, 6, -17, -981, -1610, -980, -2380, -117, -417, 631, 1014.69, 39.63
271074, 16, 12, -982, -1190, -840, -8400, -115, -412, 631, 1014.70, 39.63
271114, 4, 12, -986, 2380, -420, -4690, -120, -418, 642, 1014.67, 39.63
271154, 24, -44, -980, 4270, -1050, -7630, -121, -427, 636, 1014.66, 39.62
271194, 2, -17, -983, -350, 630, -5110, -118, -435, 640, 1014.69, 39.63
271234, 33, -15, -983, -1260, -70, 0, -121, -429, 636, 1014.66, 39.63
271274, 5, -15, -980, -1750, -3850, 70, -117, -435, 630, 1014.68, 39.62
271314, 0, -11, -984, -1680, -2100, 630, -120, -444, 628, 1014.67, 39.63
271354, 15, -14, -984, -490, 840, 420, -129, -429, 634, 1014.60, 39.63
271394, 20, -13, -983, -490, -560, 210, -118, -445, 637, 1014.59, 39.63
271434, -7, -24, -981, -1050, -2590, -140, -117, -439, 630, 1014.63, 39.63
271474, 5, -8, -989, -2030, -70, 140, -121, -444, 628, 1014.67, 39.63
271514, 13, -9, -982, -1260, 700, 280, -121, -435, 639, 1014.72, 39.63
271554, 6, -14, -986, -560, -140, 210, -120, -442, 639, 1014.70, 39.63
271594, 7, -15, -985, -1610, 140, 210, -118, -444, 645, 1014.62, 39.63
271634, -3, -34, -989, -2660, 630, 630, -112, -436, 648, 1014.66, 39.63
271674, -79, -51, -989, -11760, 7000, 8750, -117, -435, 658, 1014.67, 39.63
271714, 32, 71, -981, -19390, 26530, 16170, -111, -426, 655, 1014.67, 39.63
271754, 4, 33, -985, -2450, 19810, 16170, -106, -432, 661, 1014.66, 39.63
271794, 28, 38, -986, 8820, 21000, 17640, -100, -438, 657, 1014.67, 39.63
271834, 148, -72, -956, 19390, 13440, 14070, -93, -430, 643, 1014.67, 39.63
271874, 167, -109, -945, 11900, -17430, 19250, -88, -427, 640, 1014.68, 39.64
271914, 62, 65, -995, -5670, -43190, 21210, -73, -427, 627, 1014.65, 39.63
271954, -26, 38, -1020, -3290, -28350, 14000, -69, -427, 627, 1014.67, 39.64
271994, -106, -36, -995, 12530, -14140, 6580, -72, -426, 615, 1014.73, 39.63
272034, -108, -123, -966, 21840, -31150, 4900, -57, -423, 603, 1014.74, 39.64
272074, -128, 27, -967, 2870, -37240, 12740, -55, -427, 592, 1014.76, 39.63
272114, -142, -8, -969, -3360, -2100, 13230, -51, -420, 600, 1014.72, 39.64
272154, 51, -101, -971, 1750, 48650, 13160, -54, -411, 601, 1014.71, 39.64
272194, 159, -1, -994, -17220, 32060, 16380, -52, -403, 604, 1014.74, 39.64
272234, 130, -56, -982, -13300, 770, 13230, -57, -406, 601, 1014.65, 39.64
272274, 39, -21, -983, -7840, 2170, 11760, -54, -400, 606, 1014.71, 39.64
272314, 15, -3, -987, -3430, 1050, 8330, -51, -402, 607, 1014.70, 39.64
272354, 4, -13, -985, -1400, 1540, 9100, -55, -403, 612, 1014.68, 39.64
272394, 7, -31, -984, -1680, 700, 7420, -48, -397, 606, 1014.69, 39.64
272434, -20, 3, -988, -5110, 1260, 9730, -43, -388, 604, 1014.67, 39.65
272474, 49, -6, -980, -4900, 2450, 1120, -51, -384, 612, 1014.69, 39.65
272514, 35, 49, -981, -2310, -2310, 4200, -48, -381, 604, 1014.69, 39.65
272554, -5, -73, -984, 8120, -2730, 770, -51, -387, 603, 1014.70, 39.65
272594, 18, -17, -984, -1750, 0, 5040, -52, -382, 606, 1014.67, 39.66
272634, 7, 6, -985, -3220, -980, -980, -49, -387, 609, 1014.66, 39.66
272674, 43, -3, -985, 2380, 280, -5810, -57, -388, 597, 1014.68, 39.66
272714, -53, -32, -986, 3150, -2310, 8400, -49, -378, 603, 1014.67, 39.65
272754, 48, -36, -973, -1330, 2100, 21910, -48, -375, 606, 1014.67, 39.66
272794, 6, 11, -990, -420, -1050, -6790, -46, -385, 609, 1014.67, 39.66
272834, -1, -16, -983, -140, -1050, -13510, -40, -388, 604, 1014.69, 39.66
272874, 19, 0, -988, -280, -210, -12040, -46, -382, 603, 1014.69, 39.66
272914, 13, -9, -987, 2800, -2030, -9520, -55, -394, 607, 1014.69, 39.67
272954, 22, 0, -989, 5180, -770, 2030, -48, -402, 607, 1014.68, 39.66
272994, -19, -19, -987, 9310, -2450, 630, -49, -405, 606, 1014.65, 39.68
273034, -1, 27, -1001, 14560, 3290, -700, -49, -414, 591, 1014.62, 39.67
273074, 29, -13, -991, 30450, 6090, 630, -40, -426, 585, 1014.65, 39.67
273114, 35, -22, -994, 44240, 2240, 70, -43, -441, 567, 1014.64, 39.67
273154, 29, -43, -990, 61740, -2520, 630, -40, -447, 537, 1014.64, 39.67
273194, 16, -137, -964, 80080, -6650, 1050, -42, -465, 496, 1014.66, 39.68
273234, 16, -182, -957, 88410, -10290, -2100, -36, -471, 456, 1014.68, 39.68
273274, -2, -278, -926, 103530, -12810, -3920, -43, -478, 402, 1014.68, 39.68
273314, -23, -357, -907, 99330, -12880, -7630, -33, -480, 367, 1014.68, 39.68
273354, -27, -431, -873, 98140, -8820, -11060, -24, -477, 321, 1014.70, 39.69
273394, -6, -537, -830, 112700, -4410, -10290, -22, -469, 273, 1014.69, 39.69
273434, -13, -596, -788, 104510, -3990, -10850, -22, -466, 243, 1014.68, 39.69
273474, 11, -611, -768, 95690, -2170, -10080, -34, -450, 202, 1014.67, 39.69
273514, 15, -662, -726, 96670, -12950, -16520, -30, -444, 177, 1014.68, 39.69
273554, 12, -737, -645, 101430, -10010, -7980, -18, -420, 141, 1014.67, 39.69
273594, 36, -768, -607, 110670, -6790, 3920, -24, -387, 105, 1014.61, 39.69
273634, 12, -829, -517, 121660, -21140, 2730, -27, -357, 73, 1014.63, 39.69
273674, -16, -864, -449, 130060, -28490, 3010, -31, -310, 22, 1014.61, 39.69
273714, -38, -920, -352, 139160, -24710, 8330, -36, -256, 0, 1014.66, 39.70
273754, -35, -963, -250, 145110, -20090, 12320, -42, -223, -25, 1014.69, 39.70
273794, -64, -998, -149, 148050, -18900, 14770, -39, -163, -48, 1014.66, 39.71
273834, -65, -991, -65, 141540, -14910, 14910, -45, -111, -55, 1014.70, 39.71
273874, -69, -998, 52, 141330, -15680, 14210, -42, -51, -61, 1014.75, 39.72
273914, -110, -1030, 182, 140560, -11690, 15960, -40, -4, -70, 1014.68, 39.72
273954, -153, -942, 191, 135870, 2520, 14490, -39, 54, -49, 1014.67, 39.72
273994, -95, -964, 295, 146440, 16170, 700, -33, 73, -51, 1014.63, 39.71
274034, -53, -913, 422, 155750, 10080, -1260, -30, 121, -34, 1014.67, 39.72
274074, -71, -887, 508, 156800, 140, 10080, -36, 184, -10, 1014.71, 39.72
274114, -80, -815, 580, 161070, -10220, 21140, -42, 243, 25, 1014.71, 39.72
274154, -88, -749, 677, 173040, -22750, 32480, -67, 289, 61, 1014.63, 39.73
274194, -109, -668, 809, 187740, -33180, 46060, -93, 349, 112, 1014.68, 39.73
274234, -100, -521, 846, 194250, -33740, 59850, -121, 396, 165, 1014.71, 39.73
274274, -142, -433, 961, 201180, -31220, 65030, -156, 441, 241, 1014.70, 39.74
274314, -121, -288, 984, 214270, -36890, 66990, -190, 468, 313, 1014.66, 39.73
274354, -112, -142, 983, 233100, -40390, 64540, -217, 490, 414, 1014.66, 39.73
274394, -108, 72, 1160, 261240, -51590, 60270, -259, 489, 528, 1014.68, 39.74
274434, -19, 209, 1039, 270690, -47670, 53130, -280, 472, 646, 1014.65, 39.74
274474, 4, 404, 1028, 274680, -43050, 48020, -307, 415, 741, 1014.70, 39.74
274514, 40, 534, 891, 274330, -55370, 47250, -315, 357, 837, 1014.65, 39.74
274554, 112, 739, 818, 283990, -69230, 46130, -313, 277, 922, 1014.63, 39.74
274594, 167, 816, 652, 289520, -76790, 43330, -301, 174, 996, 1014.63, 39.74
274634, 207, 906, 459, 290500, -76160, 40110, -289, 63, 1038, 1014.64, 39.75
274674, 240, 870, 293, 289310, -74690, 39410, -276, -43, 1062, 1014.64, 39.75
274714, 300, 942, -123, 285530, -73360, 37800, -249, -156, 1056, 1014.62, 39.74
274754, 293, 871, -309, 287350, -74410, 35700, -222, -271, 1029, 1014.63, 39.74
274794, 302, 777, -477, 293300, -77350, 33670, -187, -366, 966, 1014.69, 39.74
274834, 269, 626, -599, 301070, -82110, 31430, -160, -459, 895, 1014.66, 39.75
274874, 246, 480, -745, 311290, -88340, 29960, -142, -535, 801, 1014.58, 39.75
274914, 204, 297, -750, 322630, -96670, 28980, -109, -601, 679, 1014.62, 39.75
274954, 306, -50, -1043, 342930, -118650, 29540, -82, -625, 550, 1014.62, 39.75
274994, -30, -306, -724, 326060, -162120, 28420, -70, -619, 408, 1014.65, 39.75
275034, -147, -434, -760, 288750, -162750, 26460, -72, -595, 298, 1014.65, 39.75
275074, -248, -576, -655, 271950, -157780, 26530, -106, -549, 192, 1014.60, 39.75
275114, -347, -732, -545, 256480, -152950, 27580, -123, -495, 97, 1014.60, 39.76
275154, -398, -764, -371, 243110, -147560, 28140, -157, -429, 33, 1014.67, 39.75
275194, -456, -830, -229, 232890, -142660, 28980, -208, -360, -31, 1014.67, 39.75
275234, -494, -849, -62, 225050, -139230, 31220, -253, -289, -72, 1014.64, 39.76
275274, -560, -923, 134, 220640, -136920, 33180, -306, -217, -85, 1014.66, 39.76
275314, -509, -770, 258, 210980, -130830, 34930, -361, -151, -97, 1014.69, 39.76
275354, -523, -772, 411, 200060, -123200, 37800, -408, -87, -85, 1014.68, 39.76
275394, -511, -712, 543, 195720, -118510, 41160, -463, -30, -57, 1014.64, 39.76
275434, -487, -625, 660, 193480, -114310, 44590, -516, 33, -31, 1014.70, 39.76
275474, -463, -533, 786, 194250, -111510, 47600, -547, 75, 12, 1014.67, 39.76
275514, -418, -410, 869, 195020, -108360, 50050, -600, 123, 64, 1014.65, 39.77
275554, -387, -292, 946, 195790, -106890, 51170, -642, 160, 124, 1014.67, 39.77
275594, -299, -153, 1007, 202300, -110670, 52290, -690, 181, 189, 1014.66, 39.78
275634, -254, -5, 1039, 206150, -112980, 53130, -714, 184, 259, 1014.68, 39.77
275674, -160, 143, 1083, 204470, -120890, 53130, -732, 199, 342, 1014.66, 39.78
275714, -68, 268, 1024, 192710, -125580, 51730, -747, 187, 373, 1014.64, 39.77
275754, 29, 384, 995, 182420, -121310, 49840, -765, 174, 447, 1014.65, 39.78
275794, 107, 471, 895, 171640, -116130, 48370, -775, 160, 516, 1014.65, 39.78
275834, 197, 552, 761, 160160, -109900, 46340, -789, 130, 571, 1014.64, 39.78
275874, 342, 690, 668, 156590, -103670, 42350, -781, 106, 624, 1014.63, 39.78
275914, 398, 732, 567, 154420, -98700, 37940, -766, 70, 675, 1014.68, 39.78
275954, 446, 771, 469, 154000, -95270, 33390, -751, 36, 711, 1014.65, 39.77
275994, 490, 810, 340, 154280, -92750, 28420, -729, -10, 754, 1014.68, 39.78
276034, 546, 872, 245, 156380, -91910, 22680, -708, -52, 781, 1014.74, 39.79
276074, 524, 788, 89, 160720, -93450, 17920, -678, -93, 813, 1014.70, 39.78
276114, 519, 796, -17, 153720, -88970, 12460, -657, -127, 825, 1014.69, 39.78
276154, 541, 811, -127, 151340, -88060, 7700, -630, -168, 840, 1014.63, 39.78
276194, 523, 782, -245, 151900, -89600, 3080, -604, -210, 843, 1014.64, 39.79
276234, 507, 758, -352, 153580, -92680, -1610, -559, -262, 837, 1014.68, 39.78
276274, 468, 718, -461, 157710, -96390, -5460, -532, -291, 826, 1014.69, 39.78
276314, 431, 658, -571, 163870, -98700, -8120, -492, -331, 805, 1014.67, 39.78
276354, 386, 579, -649, 169540, -103180, -11060, -451, -369, 777, 1014.69, 39.78
276394, 336, 513, -739, 176750, -111580, -13860, -424, -406, 738, 1014.66, 39.78
276434, 248, 397, -816, 186550, -121730, -16030, -388, -447, 688, 1014.64, 39.78
276474, 118, 417, -806, 201320, -129710, -2660, -357, -481, 621, 1014.66, 39.78
276514, 19, 309, -929, 241850, -135800, 23240, -319, -499, 529, 1014.68, 39.78
276554, -201, -307, -761, 277270, -120750, 15470, -300, -505, 441, 1014.67, 39.78
276594, -157, -344, -811, 234430, -86030, 9450, -285, -490, 379, 1014.61, 39.78
276634, -216, -353, -839, 207690, -64050, 18200, -274, -468, 313, 1014.69, 39.78
276674, -291, -499, -795, 208320, -36120, 37030, -252, -439, 246, 1014.67, 39.78
276714, -293, -620, -692, 207480, -4200, 44590, -238, -411, 195, 1014.66, 39.78
276754, -281, -710, -607, 201880, 20090, 40810, -213, -357, 157, 1014.66, 39.78
276794, -265, -819, -513, 193200, 35630, 30170, -210, -318, 118, 1014.65, 39.79
276834, -233, -853, -436, 181230, 48160, 20790, -186, -274, 100, 1014.64, 39.78
276874, -219, -918, -343, 173040, 56840, 14980, -168, -232, 87, 1014.60, 39.79
276914, -195, -939, -249, 166600, 64750, 9590, -157, -190, 84, 1014.63, 39.79
276954, -168, -994, -151, 160510, 70490, 7000, -135, -153, 84, 1014.65, 39.78
276994, -95, -956, 0, 165760, 48370, 16590, -130, -94, 69, 1014.65, 39.79
277034, -133, -941, 98, 175210, 11690, 28280, -133, -48, 73, 1014.67, 39.79
277074, -156, -916, 205, 182280, -12670, 40810, -133, 19, 72, 1014.67, 39.79
277114, -221, -928, 389, 194180, -30870, 47250, -147, 78, 96, 1014.66, 39.79
277154, -248, -846, 513, 199710, -43890, 45360, -166, 133, 103, 1014.65, 39.79
277194, -211, -778, 635, 198730, -57050, 44590, -183, 190, 147, 1014.63, 39.79
277234, -247, -681, 756, 197540, -66640, 52010, -211, 244, 175, 1014.67, 39.79
277274, -240, -575, 850, 192080, -73920, 49280, -238, 280, 225, 1014.62, 39.79
277314, -186, -472, 919, 184520, -88620, 42350, -258, 315, 261, 1014.68, 39.79
277354, -130, -354, 998, 180950, -98000, 41650, -294, 334, 310, 1014.73, 39.80
277394, -64, -240, 1035, 167650, -96320, 47460, -306, 349, 361, 1014.71, 39.81
277434, -22, -142, 1013, 155610, -82950, 48440, -328, 354, 385, 1014.67, 39.80
277474, 33, -35, 1102, 154420, -67900, 44450, -337, 363, 427, 1014.61, 39.81
277514, 38, 57, 1032, 145460, -37660, 48650, -360, 363, 474, 1014.66, 39.81
277554, 40, 119, 1019, 120960, -31010, 51660, -381, 369, 508, 1014.62, 39.81
277594, 101, 193, 1005, 108360, -53620, 42630, -382, 357, 540, 1014.63, 39.81
277634, 164, 255, 962, 93940, -60340, 30240, -397, 348, 568, 1014.67, 39.81
277674, 202, 295, 940, 75880, -46760, 20720, -390, 334, 585, 1014.66, 39.81
277714, 216, 343, 918, 59850, -27300, 13440, -396, 342, 591, 1014.68, 39.81
277754, 226, 348, 912, 31640, -15960, 4620, -388, 328, 604, 1014.63, 39.81
277794, 224, 353, 916, 14420, -9940, -2800, -393, 330, 612, 1014.68, 39.81
277834, 226, 368, 906, 12950, -5670, -3500, -388, 327, 610, 1014.65, 39.81
277874, 225, 377, 898, 9100, 1470, 1050, -391, 327, 609, 1014.65, 39.81
277914, 224, 364, 909, 210, 9450, 4480, -393, 333, 607, 1014.71, 39.81
277954, 210, 365, 915, -4270, 12180, 140, -397, 333, 618, 1014.67, 39.81
277994, 195, 362, 929, -1750, 12880, 490, -397, 330, 613, 1014.68, 39.81
278034, 192, 370, 925, 5740, 6090, 3710, -400, 316, 610, 1014.66, 39.81
278074, 203, 378, 905, 6440, -560, 6580, -405, 328, 606, 1014.63, 39.81
278114, 207, 374, 903, -3570, 3710, 4620, -406, 336, 601, 1014.66, 39.81
278154, 195, 360, 929, -19250, 10850, 3640, -400, 330, 598, 1014.66, 39.81
278194, 187, 337, 932, -20160, 11130, 5460, -411, 333, 600, 1014.70, 39.81
278234, 177, 322, 939, -24290, 15610, 5950, -415, 340, 583, 1014.71, 39.81
278274, 161, 311, 947, -32200, 17570, 3850, -417, 340, 577, 1014.75, 39.81
278314, 153, 287, 954, -48090, 16940, 4830, -414, 342, 559, 1014.72, 39.81
278354, 150, 252, 975, -72240, 19390, 7770, -433, 346, 534, 1014.69, 39.82
278394, 132, 177, 999, -105350, 27160, 8540, -424, 358, 493, 1014.72, 39.82
278434, 105, 77, 1025, -134680, 32760, 4480, -423, 354, 454, 1014.75, 39.81
278474, 98, -29, 1052, -145320, 36050, 7770, -426, 352, 402, 1014.71, 39.81
278514, 57, -134, 1023, -141540, 51380, 8680, -423, 345, 354, 1014.64, 39.81
278554, 6, -215, 1007, -128450, 63910, 8750, -423, 337, 319, 1014.66, 39.82
278594, -50, -292, 984, -118020, 67480, 9170, -417, 319, 282, 1014.64, 39.82
278634, -99, -360, 952, -108500, 64120, 7560, -397, 303, 244, 1014.65, 39.81
278674, -151, -426, 916, -98560, 57540, 3220, -396, 285, 220, 1014.62, 39.81
278714, -152, -478, 874, -82320, 44240, -3360, -396, 270, 205, 1014.62, 39.82
278754, -161, -498, 889, -72590, 11620, 10500, -402, 258, 187, 1014.63, 39.81
278794, -184, -515, 943, -87570, 420, 16100, -396, 231, 147, 1014.67, 39.82
278834, -187, -605, 943, -140420, 13230, 5880, -382, 178, 109, 1014.67, 39.82
278874, -197, -697, 771, -198100, 27370, 2590, -372, 121, 73, 1014.68, 39.82
278914, -278, -787, 605, -216370, 38150, -5460, -360, 69, 48, 1014.64, 39.82
278954, -218, -882, 527, -211470, 48020, -25970, -343, -10, 30, 1014.62, 39.82
278994, -180, -945, 409, -220430, 43190, -30660, -327, -91, 39, 1014.58, 39.82
279034, -188, -1011, 288, -239610, 34860, -21980, -327, -171, 48, 1014.61, 39.83
279074, -193, -911, 22, -257810, 26670, -13440, -331, -238, 85, 1014.65, 39.82
279114, -200, -946, -149, -249060, 23940, -13440, -319, -315, 126, 1014.66, 39.83
279154, -177, -890, -282, -249060, 27230, -16730, -334, -346, 151, 1014.71, 39.82
279194, -205, -899, -352, -256130, 33460, -16030, -330, -402, 226, 1014.69, 39.83
279234, -128, -756, -548, -277200, 55300, -9450, -337, -465, 301, 1014.64, 39.83
279274, -91, -613, -656, -289380, 61670, -5180, -334, -484, 403, 1014.69, 39.83
279314, -60, -290, -704, -323470, 64260, -5600, -354, -499, 502, 1014.68, 39.83
279354, 259, 81, -821, -361130, 59780, -7210, -379, -490, 618, 1014.73, 39.83
279394, 22, 316, -722, -356510, 22050, -7490, -384, -439, 729, 1014.66, 39.83
279434, 67, 525, -779, -329140, 11340, -8050, -405, -385, 805, 1014.63, 39.83
279474, 57, 670, -630, -316190, 3710, -11130, -405, -309, 865, 1014.63, 39.83
279514, 46, 822, -517, -304360, -420, -13510, -417, -223, 907, 1014.62, 39.83
279554, 38, 911, -350, -295890, -2940, -16030, -417, -129, 919, 1014.67, 39.83
279594, 25, 950, -172, -289660, -4550, -18760, -421, -36, 927, 1014.61, 39.83
279634, 12, 960, 22, -287630, -5390, -22120, -421, 55, 910, 1014.58, 39.84
279674, -61, 936, 177, -291410, -4620, -24570, -421, 153, 867, 1014.65, 39.84
279714, -69, 919, 386, -300720, 13300, -15820, -426, 229, 808, 1014.60, 39.83
279754, -33, 861, 590, -309680, 36680, 2380, -436, 303, 715, 1014.64, 39.83
279794, -24, 745, 765, -314860, 40670, 9450, -448, 355, 621, 1014.62, 39.84
279834, -38, 593, 906, -318920, 41720, 7630, -438, 384, 501, 1014.69, 39.83
279874, -65, 396, 1026, -322280, 44100, 3780, -429, 397, 388, 1014.66, 39.83
279914, -96, 208, 1083, -337330, 45640, -2030, -427, 385, 259, 1014.65, 39.83
279954, -150, -11, 1215, -355250, 39130, -6230, -409, 319, 156, 1014.65, 39.83
279994, -147, -253, 1057, -353290, 20650, -7630, -385, 253, 57, 1014.63, 39.83
280034, -146, -455, 956, -343210, 21140, -6580, -367, 162, -12, 1014.69, 39.84
280074, -158, -666, 873, -336420, 26390, -3150, -343, 57, -63, 1014.69, 39.83
280114, -170, -767, 666, -336770, 30590, -770, -321, -49, -87, 1014.68, 39.84
280154, -179, -917, 516, -338030, 33670, 2380, -294, -180, -88, 1014.67, 39.84
280194, -183, -775, 223, -343560, 36470, 5950, -268, -295, -49, 1014.66, 39.84
280234, -207, -923, 73, -354130, 39760, 9520, -240, -394, 15, 1014.69, 39.84
280274, -226, -940, -155, -361480, 40600, 12740, -214, -498, 105, 1014.67, 39.84
280314, -214, -786, -378, -369740, 41440, 15680, -210, -574, 228, 1014.65, 39.84
280354, -195, -613, -545, -381990, 43050, 17710, -180, -609, 364, 1014.63, 39.84
280394, -190, -423, -701, -396410, 45220, 19530, -174, -621, 525, 1014.66, 39.85
280434, -249, -168, -787, -413350, 76020, 22750, -171, -580, 681, 1014.63, 39.84
280474, 7, 475, -736, -409710, 99680, 22120, -190, -511, 819, 1014.64, 39.84
280514, 41, 674, -565, -393680, 92890, 18340, -204, -403, 910, 1014.67, 39.85
280554, 96, 845, -414, -378770, 87640, 15400, -226, -289, 990, 1014.68, 39.85
280594, 120, 931, -200, -368130, 84140, 12600, -246, -156, 1024, 1014.74, 39.85
280634, 126, 951, 23, -361760, 81550, 9240, -279, -3, 1017, 1014.75, 39.85
280674, 179, 971, 260, -361970, 80920, 5530, -306, 136, 967, 1014.73, 39.85
280714, 117, 880, 519, -360990, 80570, 1680, -318, 253, 903, 1014.68, 39.85
280754, 98, 813, 706, -358680, 81270, -1400, -333, 349, 792, 1014.64, 39.85
280794, 78, 704, 919, -359800, 83090, -4060, -328, 423, 660, 1014.66, 39.85
280834, 13, 437, 1033, -359520, 85400, -6370, -328, 469, 525, 1014.63, 39.85
280874, -60, 217, 1049, -369180, 89250, -8610, -324, 471, 361, 1014.63, 39.85
280914, -108, -8, 1238, -385280, 86660, -10640, -300, 460, 292, 1014.66, 39.85
280954, -166, -270, 1098, -381990, 70770, -10500, -285, 409, 160, 1014.69, 39.85
280994, -173, -482, 952, -369250, 71330, -7770, -255, 324, 51, 1014.66, 39.85
281034, -240, -674, 816, -360640, 75110, -3780, -220, 214, -27, 1014.68, 39.86
281074, -244, -801, 620, -357490, 77070, -1120, -190, 100, -84, 1014.68, 39.86
281114, -280, -850, 399, -357700, 78960, 1890, -160, -39, -75, 1014.68, 39.86
281154, -324, -728, 125, -363580, 82110, 5040, -123, -171, -58, 1014.63, 39.85
281194, -271, -899, -66, -370510, 84420, 6160, -105, -297, 13, 1014.65, 39.86
281234, -282, -829, -307, -374430, 84840, 8190, -81, -409, 139, 1014.63, 39.86
281274, -248, -592, -526, -383390, 86520, 10150, -70, -469, 295, 1014.62, 39.86
281314, -253, 351, -1163, -341740, 71680, -1820, -66, -475, 369, 1014.65, 39.86
281354, 136, 29, -1090, -136780, 59080, 8260, -82, -469, 379, 1014.65, 39.87
281394, -206, -412, -879, -2030, -2940, -5460, -73, -463, 370, 1014.61, 39.87
281434, -291, -547, -815, 12460, -2310, 11130, -73, -450, 382, 1014.60, 39.87
281474, -229, -371, -891, -11760, 27230, 19670, -60, -451, 385, 1014.61, 39.88
281514, -86, -350, -917, -2660, 34160, 17570, -54, -439, 378, 1014.64, 39.87
281554, -78, -499, -859, 15260, 18620, 30590, -39, -439, 394, 1014.64, 39.87
281594, -175, -431, -875, -630, -5740, 32620, -33, -436, 393, 1014.66, 39.88
281634, -257, -372, -890, -8610, -700, 21560, -24, -433, 397, 1014.64, 39.88
281674, -246, -399, -885, -7910, 13300, 17080, -12, -448, 394, 1014.64, 39.88
281714, -186, -419, -882, -20860, 34930, 31290, -7, -426, 426, 1014.67, 39.88
281754, -117, -346, -912, -36120, 41020, 38780, 10, -417, 442, 1014.66, 39.88
281794, -168, -346, -914, -26460, 23660, 16030, 13, -420, 456, 1014.70, 39.89
281834, -56, -378, -908, -39200, 30030, 23520, 13, -414, 475, 1014.71, 39.89
281874, -83, -206, -961, -61040, 28350, 43400, 18, -390, 504, 1014.68, 39.89
281914, -133, -208, -955, -45010, 8540, 45430, 31, -382, 510, 1014.68, 39.89
281954, -66, -203, -967, -33740, 4410, 45430, 45, -360, 523, 1014.74, 39.89
281994, -141, -186, -958, -20510, -9100, 57470, 52, -342, 531, 1014.70, 39.90
282034, -195, -153, -960, -18830, -13790, 51520, 58, -325, 538, 1014.70, 39.89
282074, -394, -208, -915, -23520, -3850, 26740, 58, -322, 549, 1014.69, 39.90
282114, -206, -73, -967, -36960, 36120, -19670, 43, -328, 586, 1014.71, 39.90
282154, -19, -121, -978, -24850, 51240, -31710, 37, -325, 591, 1014.67, 39.89
282194, -15, -129, -974, -22540, 34440, -19040, 37, -327, 607, 1014.66, 39.89
282234, 0, -92, -983, -28770, 18900, -13370, 31, -322, 612, 1014.70, 39.90
282274, -3, -69, -988, -32200, 3150, -8680, 28, -310, 621, 1014.70, 39.90
282314, -117, -5, -984, -31500, -8050, -4060, 28, -306, 630, 1014.71, 39.90
282354, -133, -2, -977, -23590, 3570, -12880, 27, -315, 634, 1014.70, 39.91
282394, -27, 2, -989, -17710, 19250, -24080, 22, -300, 631, 1014.71, 39.90
282434, 26, -4, -993, -12180, 14910, -19040, 16, -297, 643, 1014.71, 39.90
282474, -62, 14, -983, -7280, 3710, -2800, 1, -298, 640, 1014.68, 39.90
282514, -79, 22, -980, -1260, 8680, -3780, -4, -316, 634, 1014.69, 39.90
282554, -50, 18, -980, 4200, 20860, -21420, -6, -316, 642, 1014.68, 39.90
282594, 161, -114, -978, 9380, 28770, -24010, -4, -319, 639, 1014.70, 39.91
282634, -13, 12, -997, 1260, 560, -3920, -1, -312, 640, 1014.68, 39.91
282674, -21, -14, -983, -1400, -1260, 4970, -7, -307, 636, 1014.68, 39.91
282714, 27, -1, -986, -1610, 4060, -3920, -7, -307, 643, 1014.73, 39.91
282754, 11, -17, -984, -700, 0, 1050, -13, -306, 642, 1014.71, 39.91
282794, 9, -15, -984, -560, -280, 280, -12, -306, 634, 1014.72, 39.91
282834, 10, -15, -984, -700, -210, 280, -10, -306, 649, 1014.71, 39.92
282874, 9, -15, -984, -700, -280, 280, -18, -303, 642, 1014.70, 39.91
282914, 10, -16, -984, -700, -280, 280, -10, -303, 636, 1014.67, 39.92
282954, 10, -16, -984, -700, -280, 280, -16, -312, 631, 1014.70, 39.92
282994, 9, -16, -984, -700, -280, 280, -12, -303, 634, 1014.65, 39.92
283034, 9, -26, -984, -840, -140, -770, -18, -300, 634, 1014.68, 39.92
283074, 8, -7, -984, -1820, -70, -10570, -19, -307, 634, 1014.70, 39.91
283114, 10, -21, -983, 560, -840, -27300, -36, -309, 628, 1014.68, 39.92
283154, 16, -2, -986, -210, -630, -12810, -27, -303, 633, 1014.68, 39.92
283194, 37, 31, -996, 1470, -2380, 3850, -30, -313, 634, 1014.63, 39.92
283234, 56, 111, -1019, 17570, -7840, 10710, -16, -307, 625, 1014.58, 39.93
283274, 36, 82, -1012, 54460, -21770, 5740, -4, -346, 589, 1014.63, 39.93
283314, -30, 30, -992, 94570, -33320, 6580, -4, -385, 549, 1014.61, 39.93
283354, -62, -9, -970, 137480, -36050, 3290, 4, -411, 477, 1014.71, 39.94
283394, -77, -122, -918, 190960, -37100, -5600, 7, -435, 379, 1014.68, 39.93
283434, -78, -385, -842, 243600, -43120, -24500, 9, -402, 261, 1014.72, 39.94
283474, -52, -536, -703, 273000, -52570, -38010, 1, -382, 162, 1014.67, 39.94
283514, -38, -734, -545, 295750, -60130, -30170, -1, -297, 64, 1014.66, 39.94
283554, -117, -831, -338, 313740, -69370, -13300, -9, -198, -13, 1014.63, 39.94
283594, -175, -1000, -56, 324730, -58380, 4130, -10, -97, -40, 1014.65, 39.94
283634, -158, -906, 149, 313740, -35350, 14840, -18, 12, -42, 1014.65, 39.94
283674, -151, -933, 255, 287770, -21630, 23730, -24, 103, -22, 1014.64, 39.95
283714, -205, -907, 435, 275170, -18480, 32690, -42, 204, 15, 1014.65, 39.95
283754, -192, -841, 628, 278110, -13790, 35140, -60, 283, 72, 1014.65, 39.95
283794, -235, -695, 746, 276990, -12250, 44590, -79, 357, 153, 1014.61, 39.95
283834, -272, -538, 896, 275940, -18060, 44450, -81, 397, 229, 1014.64, 39.95
283874, -259, -387, 985, 258020, -19110, 27790, -93, 432, 298, 1014.65, 39.95
283914, -238, -251, 1036, 171080, -32620, 350, -103, 448, 352, 1014.70, 39.95
283954, -177, -67, 1031, 127400, -33740, 4760, -109, 456, 390, 1014.68, 39.95
283994, -155, -10, 1031, 86380, -32410, 4760, -99, 460, 411, 1014.64, 39.96
284034, -131, 18, 1025, 42490, -35070, 4060, -99, 465, 418, 1014.64, 39.95
284074, -103, -1, 1025, 4270, -33600, -2240, -103, 459, 414, 1014.70, 39.95
284114, -78, -30, 1015, -13720, -28840, -140, -108, 454, 408, 1014.67, 39.96
284154, -74, -42, 1006, -11480, -29260, 11970, -109, 466, 396, 1014.64, 39.95
284194, -36, -33, 1019, 5390, -34650, 13370, -118, 460, 399, 1014.61, 39.96
284234, -2, 7, 1025, 16240, -21350, 9660, -118, 465, 399, 1014.67, 39.96
284274, -35, -15, 1018, 1820, 11690, -4480, -114, 457, 408, 1014.69, 39.96
284314, -64, -11, 1015, 420, 12600, -8680, -115, 460, 396, 1014.69, 39.95
284354, -61, -10, 1013, -1470, 420, -10710, -105, 451, 408, 1014.69, 39.95
284394, -43, -14, 1021, 1470, -7210, -21560, -100, 447, 409, 1014.69, 39.96
284434, -25, -10, 1016, -420, -3640, -24010, -88, 444, 402, 1014.70, 39.95
284474, -46, -12, 1015, -140, 3080, -14210, -84, 442, 406, 1014.69, 39.96
284514, -33, -11, 1018, -420, -700, -9030, -84, 444, 417, 1014.64, 39.96
284554, -49, -8, 1016, -980, 2380, -6720, -78, 439, 408, 1014.66, 39.95
284594, -50, -14, 1014, -630, 1050, -12040, -79, 444, 408, 1014.70, 39.95
284634, -34, -13, 1019, 140, -4900, -8120, -75, 444, 411, 1014.74, 39.96
284674, -35, -11, 1017, -770, -2310, -70, -78, 435, 411, 1014.72, 39.96
284714, -46, -10, 1016, -490, 1680, 350, -72, 441, 408, 1014.71, 39.95
284754, -37, -11, 1017, -840, -1260, 280, -72, 441, 403, 1014.66, 39.96
284794, -44, -11, 1016, -630, 630, 280, -81, 435, 409, 1014.66, 39.96
284834, -40, -11, 1017, -700, -840, 350, -79, 433, 412, 1014.65, 39.95
284874, -39, -11, 1016, -770, -840, 350, -72, 438, 412, 1014.65, 39.96
284914, -43, -10, 1016, -630, 420, 350, -73, 430, 399, 1014.66, 39.96
284954, -39, -11, 1016, -770, -630, 280, -84, 435, 409, 1014.70, 39.95
284994, -41, -11, 1017, -770, 700, 70, -64, 435, 411, 1014.66, 39.95
285034, -48, -8, 1016, -840, 1050, -2170, -67, 427, 406, 1014.65, 39.96
285074, -44, -10, 1016, -350, -700, -14560, -54, 432, 414, 1014.67, 39.96
285114, -36, -13, 1017, -420, -1680, -7770, -60, 424, 406, 1014.62, 39.96
285154, -40, -11, 1016, -630, -770, 0, -57, 429, 406, 1014.64, 39.96
285194, -42, -10, 1016, -630, -420, 350, -52, 433, 411, 1014.66, 39.96
285234, -38, -11, 1016, -770, -980, 280, -58, 435, 406, 1014.63, 39.96
285274, -42, -11, 1016, -630, 140, 350, -60, 427, 403, 1014.67, 39.96
285314, -39, -11, 1016, -700, -490, 280, -61, 438, 403, 1014.66, 39.96
285354, -40, -11, 1016, -630, -70, 350, -60, 433, 402, 1014.69, 39.96
285394, -41, -11, 1017, -560, 350, 350, -60, 439, 402, 1014.72, 39.95
285434, -43, -11, 1016, -770, -70, 280, -58, 435, 400, 1014.63, 39.96
285474, -39, -11, 1016, -840, -1260, 280, -61, 435, 414, 1014.66, 39.96
285514, -42, -11, 1016, -700, -70, 280, -54, 439, 412, 1014.69, 39.96
285554, -39, -12, 1016, -700, -350, 280, -57, 442, 408, 1014.67, 39.96
285594, -44, -9, 1016, -630, 770, 350, -61, 438, 399, 1014.66, 39.96
285634, -37, -12, 1016, -980, -490, 70, -55, 441, 403, 1014.71, 39.97
285674, -44, -7, 1019, -1960, -2590, -280, -63, 442, 409, 1014.68, 39.96
285714, -41, -25, 1014, -1120, -6020, -210, -51, 435, 397, 1014.67, 39.97
285754, -16, -4, 1014, 3360, -2030, -19950, -37, 432, 402, 1014.68, 39.97
285794, -50, -10, 1018, -1260, 6930, -43610, -18, 426, 397, 1014.70, 39.96
285834, -48, -19, 1019, 6090, -4270, -24290, -22, 423, 403, 1014.70, 39.97
285874, -36, 7, 1017, 14140, -14770, 1890, -30, 420, 405, 1014.66, 39.97
285914, -18, 6, 1025, 13440, -26600, -1400, -28, 423, 402, 1014.70, 39.97
285954, 12, 35, 1017, 19530, -38010, 2590, -28, 424, 405, 1014.67, 39.97
285994, 51, 45, 1015, 8680, -38290, 4270, -33, 418, 394, 1014.68, 39.97
286034, 67, 34, 1013, -6580, -32270, 1190, -25, 415, 379, 1014.70, 39.97
286074, 92, 18, 1008, -14490, -25760, -4270, -24, 414, 372, 1014.68, 39.97
286114, 93, 8, 1012, -14560, -17500, -5460, -25, 417, 369, 1014.69, 39.97
286154, 107, -4, 1007, -8540, -17290, -5320, -30, 424, 367, 1014.67, 39.97
286194, 125, 7, 1004, 6650, -17500, -2030, -27, 415, 373, 1014.62, 39.97
286234, 134, 21, 1005, 23030, -11970, 3150, -36, 427, 382, 1014.69, 39.98
286274, 145, 58, 1003, 17710, -10920, 630, -36, 417, 384, 1014.70, 39.98
286314, 150, 70, 1002, 10220, -8260, -1960, -36, 424, 393, 1014.67, 39.98
286354, 157, 66, 1003, 7350, -9030, -4130, -36, 420, 388, 1014.70, 39.97
286394, 183, 101, 988, 11900, -13650, -8610, -31, 406, 397, 1014.68, 39.98
286434, 155, 59, 996, 23590, -8610, -8820, -28, 411, 400, 1014.69, 39.97
286474, 156, 103, 1001, 16100, 7490, -10010, -19, 417, 400, 1014.67, 39.98
286514, 158, 107, 996, 6580, 9380, -4340, -22, 405, 415, 1014.68, 39.99
286554, 150, 104, 995, 8470, 11130, -4270, -25, 412, 420, 1014.65, 39.98
286594, 131, 117, 1002, 22260, 13300, -7140, -16, 402, 429, 1014.59, 39.98
286634, 141, 137, 995, 39130, 8470, -8190, -19, 400, 459, 1014.64, 39.99
286674, 122, 194, 990, 66220, 17640, -70, -21, 403, 489, 1014.73, 39.98
286714, 97, 259, 982, 84560, 26740, 3290, -18, 399, 519, 1014.73, 39.98
286754, 83, 299, 972, 86310, 24150, 2030, -31, 391, 564, 1014.69, 39.98
286794, 87, 364, 973, 103670, 24780, 7140, -34, 381, 618, 1014.69, 39.99
286834, 58, 431, 939, 122150, 24150, 5880, -51, 367, 670, 1014.68, 39.99
286874, 22, 510, 899, 156590, 20370, 11340, -66, 337, 742, 1014.66, 39.99
286914, 38, 666, 893, 213010, 31990, 27790, -91, 291, 820, 1014.67, 39.99
286954, 50, 759, 770, 252420, 41720, 34300, -111, 211, 901, 1014.66, 39.99
286994, 71, 886, 584, 287980, 23310, 36050, -150, 118, 969, 1014.71, 40.00
287034, 63, 938, 382, 304010, 23310, 32970, -163, 12, 1020, 1014.69, 39.99
287074, 62, 971, 146, 306880, 13300, 31640, -180, -103, 1032, 1014.72, 39.99
287114, 135, 936, -15, 297360, 10010, 20510, -189, -217, 1015, 1014.69, 39.99
287154, 127, 872, -264, 300860, -7840, -25410, -190, -316, 990, 1014.70, 39.99
287194, 22, 767, -476, 273840, -24850, -35280, -193, -400, 955, 1014.72, 39.99
287234, -26, 667, -624, 237300, -24360, -28700, -190, -462, 910, 1014.74, 40.00
287274, -28, 660, -674, 202860, -23100, -10570, -187, -511, 870, 1014.69, 40.00
287314, -61, 620, -734, 194250, -19390, -3150, -180, -573, 799, 1014.75, 40.00
287354, -14, 439, -861, 203980, -14140, 3080, -174, -598, 732, 1014.68, 40.00
287394, -78, 307, -866, 179970, -7070, 8050, -177, -619, 672, 1014.65, 40.00
287434, -112, -78, -958, 151200, 70, 210, -177, -642, 630, 1014.64, 40.00
287474, -67, -105, -978, 97090, 15820, -2730, -186, -651, 601, 1014.68, 40.00
287514, -32, -57, -980, 50260, 25550, -15050, -193, -657, 595, 1014.63, 40.00
287554, 73, 58, -984, 27860, 28630, -22400, -207, -669, 589, 1014.64, 40.00
287594, 6, -120, -994, 27160, 11760, -5670, -208, -666, 586, 1014.67, 40.01
287634, 56, -39, -976, 1190, 980, 3570, -199, -663, 585, 1014.72, 40.00
287674, -6, -30, -987, -1120, 1050, -4620, -211, -666, 586, 1014.71, 39.99
287714, 66, 5, -976, -1820, 2310, -20090, -219, -666, 589, 1014.71, 40.00
287754, -19, -28, -988, 560, -4970, -23310, -225, -676, 583, 1014.69, 40.00
287794, 32, 23, -984, -6090, -1330, 3220, -213, -661, 586, 1014.70, 40.00
287834, 10, -45, -976, 3500, -3150, 24500, -204, -667, 592, 1014.69, 40.00
287874, -14, 23, -992, 1470, 3500, 31150, -205, -661, 589, 1014.67, 40.00
287914, 1, -17, -981, -560, -1050, 7000, -201, -660, 580, 1014.71, 40.00
287954, 6, -14, -983, -840, 420, 3640, -187, -657, 579, 1014.69, 40.00
287994, -2, -54, -986, -4550, 1540, 1540, -190, -658, 588, 1014.69, 40.00
288034, 74, 47, -978, -9870, 2940, -4480, -210, -654, 592, 1014.69, 40.00
288074, -12, 53, -990, 5110, -5880, -59150, -231, -661, 583, 1014.68, 40.00
288114, 12, -78, -978, 9030, -3290, -27510, -229, -661, 580, 1014.70, 40.00
288154, 37, -9, -981, -1120, 1050, 17220, -213, -660, 591, 1014.68, 40.00
288194, -4, 1, -987, -980, 910, 36750, -205, -651, 580, 1014.67, 40.00
288234, -38, 27, -997, 1890, -210, 23730, -204, -660, 583, 1014.72, 40.00
288274, -21, -41, -980, 11200, 3080, -5880, -213, -660, 567, 1014.67, 40.00
288314, 78, -40, -975, 7770, 6160, -16170, -216, -667, 573, 1014.71, 40.00
288354, 26, -20, -986, 5180, 210, -2870, -216, -660, 567, 1014.68, 40.00
288394, -37, -44, -985, 7140, 350, -1890, -219, -657, 565, 1014.69, 40.00
288434, -9, -73, -978, 3150, 8890, -8120, -225, -675, 576, 1014.72, 40.01
288474, 75, -45, -976, -4410, 14770, -8330, -219, -660, 571, 1014.71, 40.00
288514, 40, -14, -987, -6790, 8610, -2730, -225, -661, 574, 1014.64, 40.01
288554, 27, 31, -998, 12040, 13300, -1120, -225, -666, 571, 1014.64, 40.01
288594, 79, -28, -986, 16450, 19040, 1750, -232, -672, 562, 1014.66, 40.01
288634, 113, -114, -957, 21140, 24850, 2730, -232, -673, 565, 1014.67, 40.01
288674, 117, -88, -968, 11620, 15050, 2030, -231, -672, 558, 1014.65, 40.01
288714, 100, -66, -976, 4830, 6790, 4270, -229, -672, 564, 1014.69, 40.01
288754, 78, -50, -986, 6580, 5950, 6720, -231, -672, 561, 1014.72, 40.01
288794, 109, -105, -968, 12460, 10990, 8400, -223, -673, 550, 1014.69, 40.02
288834, 129, -125, -963, 12110, 14210, 6930, -225, -675, 552, 1014.65, 40.02
288874, 198, -118, -952, 6580, 8610, 1120, -234, -675, 544, 1014.70, 40.02
288914, 113, -75, -980, 4480, -4270, 4060, -220, -673, 543, 1014.61, 40.02
288954, 108, -112, -971, 10500, -4200, 6440, -228, -676, 535, 1014.61, 40.02
288994, 60, -167, -966, 11340, 560, 1470, -232, -669, 541, 1014.66, 40.02
289034, 200, -199, -938, 3220, 11620, -2450, -214, -675, 541, 1014.67, 40.02
289074, 219, -74, -985, -12740, -1680, 15820, -205, -673, 525, 1014.69, 40.02
289114, 92, -81, -1131, 44940, -10430, 16870, -198, -675, 481, 1014.64, 40.02
289154, 439, -349, -1280, 127330, 28140, 21140, -171, -657, 424, 1014.64, 40.03
289194, 15, -375, -738, 122080, -980, 54810, -151, -648, 420, 1014.66, 40.03
289234, 156, -113, -779, -31570, -38010, 52990, -121, -627, 435, 1014.63, 40.02
289274, 141, -210, -827, -34790, -30870, 104160, -78, -609, 441, 1014.62, 40.02
289314, -109, -250, -880, -14630, -38430, 108570, -64, -595, 450, 1014.62, 40.02
289354, -5, -274, -1073, -32130, -11550, 60270, -57, -585, 466, 1014.64, 40.02
289394, -135, -208, -889, -22820, 16520, 36330, -63, -588, 466, 1014.65, 40.03
289434, -174, -232, -880, -13090, -15680, -1050, -63, -586, 466, 1014.64, 40.03
289474, -104, -172, -875, 3080, 1120, -1470, -55, -589, 469, 1014.59, 40.03
289514, 126, -328, -965, 20790, 31640, 7140, -60, -588, 460, 1014.62, 40.03
289554, 127, -385, -1009, 7000, 19460, -3290, -52, -577, 453, 1014.66, 40.03
289594, -130, -295, -874, 14630, -42910, 15260, -52, -583, 442, 1014.64, 40.04
289634, -24, -243, -983, 6650, -15190, 4690, -40, -579, 442, 1014.66, 40.03
289674, -71, -239, -1006, 6510, -10990, 9800, -52, -583, 442, 1014.69, 40.04
289714, -103, -290, -950, 4340, 4340, 27790, -42, -573, 439, 1014.71, 40.05
289754, -77, -279, -933, 6720, -980, 45010, -19, -573, 433, 1014.68, 40.04
289794, -49, -314, -955, 6860, 1120, 54040, 4, -549, 427, 1014.68, 40.04
289834, 53, -306, -945, 1190, 6720, 14700, -1, -555, 435, 1014.65, 40.04
289874, -7, -288, -956, 350, -3010, 7140, 15, -552, 430, 1014.69, 40.05
289914, -47, -284, -941, 2100, -6930, 12740, 12, -555, 432, 1014.68, 40.05
289954, -90, -288, -904, 12950, -16730, 43330, 34, -525, 409, 1014.70, 40.05
289994, -167, -263, -890, 14280, -14770, 35840, 45, -531, 412, 1014.69, 40.04
290034, -81, -325, -921, 5600, 9380, 11620, 43, -522, 414, 1014.72, 40.05
290074, 126, -537, -697, 9940, -1190, 28070, 61, -508, 400, 1014.70, 40.05
290114, -590, -233, -1020, 3360, -62090, 86100, 78, -489, 388, 1014.63, 40.05
290154, 8, -169, -927, 4620, 11270, 26600, 93, -487, 394, 1014.62, 40.02
290194, -15, -381, -1127, -490, 17990, 3430, 91, -484, 396, 1014.69, 39.98
290234, -154, -296, -944, -28980, 14000, -15750, 81, -493, 415, 1014.71, 39.97
290274, -203, -352, -932, -37170, 29260, -29890, 78, -499, 433, 1014.67, 39.96
290314, -111, -306, -955, -33950, 25620, -490, 81, -489, 444, 1014.65, 39.95
290354, -36, -139, -845, -28700, 8470, -280, 76, -504, 450, 1014.66, 39.94
290394, -79, -253, -912, 6440, -7490, -5110, 81, -501, 427, 1014.66, 39.94
290434, -118, -244, -974, 27160, -13440, 15120, 81, -498, 421, 1014.67, 39.93
290474, -55, -250, -957, 27930, 7980, -15540, 66, -508, 417, 1014.70, 39.92
290514, 17, -228, -998, 14280, 21210, -34090, 69, -511, 409, 1014.69, 39.94
290554, -113, -419, -1073, 1470, 4480, -20720, 51, -516, 445, 1014.63, 39.92
290594, 3, -45, -921, -53620, 23940, -34650, 31, -534, 469, 1014.63, 39.93
290634, 57, -339, -721, -58590, 24150, -72660, 9, -552, 514, 1014.62, 39.94
290674, -4, 28, -1001, -114660, -14000, -48930, 12, -561, 501, 1014.63, 39.94
290714, -62, -81, -1052, -14980, -20020, -14910, 9, -561, 489, 1014.63, 39.95
290754, -33, -270, -972, 26040, -6860, -3220, -1, -567, 504, 1014.61, 39.95
290794, 4, -53, -910, -19740, -3570, -7000, 1, -564, 489, 1014.57, 39.95
290834, -45, -116, -960, 11130, -9870, -9660, 6, -583, 484, 1014.58, 39.95
290874, -57, -205, -965, 26110, 5810, -2660, 4, -574, 481, 1014.63, 39.95
290914, -56, -242, -991, 23730, 3010, -3080, 0, -586, 468, 1014.62, 39.95
290954, -20, -242, -947, 21070, 1890, -3360, 0, -577, 468, 1014.62, 39.96
290994, -74, -316, -920, 14490, -1260, -8540, -3, -591, 472, 1014.65, 39.95
291034, -102, -243, -976, -6230, 8330, -8260, -6, -595, 468, 1014.66, 39.95
291074, 11, -234, -959, -10640, 23800, -5810, -12, -594, 480, 1014.65, 39.95
291114, 3, -271, -947, -17150, 19180, -18200, -22, -598, 492, 1014.66, 39.94
291154, 7, -233, -955, -31920, 17010, -29960, -30, -598, 508, 1014.66, 39.93
291194, 160, -140, -971, -41370, 14700, -42980, -61, -612, 525, 1014.66, 39.92
291234, 4, -139, -975, -37800, -17360, -66640, -73, -618, 522, 1014.72, 39.92
291274, -38, -143, -973, -39410, -13160, -65870, -93, -634, 538, 1014.72, 39.91
291314, 132, -11, -990, -42630, -1120, -64470, -118, -624, 546, 1014.69, 39.90
291354, 39, 10, -1002, -28210, -22190, -71470, -141, -654, 559, 1014.68, 39.90
291394, -104, -38, -985, -12950, -27720, -75040, -172, -655, 540, 1014.65, 39.90
291434, 15, -134, -962, -18130, -3920, -78050, -216, -666, 559, 1014.66, 39.89
291474, 59, 214, -1024, -38500, 280, -80500, -244, -669, 559, 1014.66, 39.89
291514, 25, -185, -947, -3220, -840, -80710, -280, -670, 571, 1014.68, 39.89
291554, -19, 75, -1008, -1190, -1120, -66150, -292, -676, 564, 1014.70, 39.89
291594, 25, -30, -983, 490, -140, -34160, -298, -670, 570, 1014.72, 39.89
291634, 12, -13, -987, -630, -630, -4060, -297, -672, 576, 1014.72, 39.90
291674, 10, -12, -984, -700, -280, 280, -300, -669, 565, 1014.64, 39.90
291714, 7, -13, -985, -630, -280, 280, -297, -670, 568, 1014.64, 39.89
291754, 9, -13, -985, -630, -210, 280, -303, -670, 565, 1014.65, 39.89
291794, 8, -13, -985, -700, -210, 280, -294, -675, 568, 1014.69, 39.90
291834, 10, -13, -984, -490, -140, 280, -307, -669, 564, 1014.67, 39.89
291874, 7, -14, -985, -420, -210, 280, -301, -672, 568, 1014.65, 39.90
291914, 9, -13, -985, -560, -350, 280, -301, -667, 571, 1014.70, 39.89
291954, 8, -13, -983, -700, -350, 280, -303, -667, 555, 1014.67, 39.89
291994, 7, -13, -984, -490, -420, 280, -303, -669, 567, 1014.66, 39.89
292034, 7, -13, -985, 420, -490, 210, -295, -678, 568, 1014.64, 39.89
292074, 0, -14, -983, 210, -1260, 210, -297, -669, 568, 1014.66, 39.89
292114, 13, -20, -983, -280, 2030, 0, -301, -673, 565, 1014.69, 39.89
292154, 2, -9, -986, -6790, 350, -2800, -307, -676, 574, 1014.68, 39.89
292194, 15, -4, -984, -3850, 5040, -3360, -306, -678, 562, 1014.70, 39.89
292234, 26, -10, -986, 630, 3570, -210, -303, -664, 565, 1014.71, 39.89
292274, 18, -13, -979, 70, -1470, 1400, -298, -685, 568, 1014.66, 39.89
292314, 10, -18, -984, -4130, -3570, -210, -298, -676, 567, 1014.69, 39.90
292354, 4, 7, -985, -9870, -1960, -140, -304, -672, 576, 1014.72, 39.89
292394, 21, 1, -983, -2660, 980, -350, -301, -673, 577, 1014.72, 39.90
292434, 6, 0, -985, -1050, -2100, -420, -301, -669, 582, 1014.74, 39.90
292474, 14, 1, -983, -630, -1890, -2100, -306, -676, 576, 1014.73, 39.90
292514, 12, -3, -981, 490, -3150, -1960, -304, -673, 585, 1014.69, 39.90
292554, 0, -2, -983, -1190, -5740, -2310, -306, -679, 580, 1014.67, 39.90
292594, -1, 1, -984, -1470, -1610, -1750, -304, -684, 574, 1014.62, 39.91
292634, 11, -2, -985, -1820, 1400, 420, -306, -682, 576, 1014.66, 39.91
292674, -1, 6, -985, -770, -2380, -140, -310, -684, 573, 1014.62, 39.91
292714, 4, -5, -986, 2940, -350, 1750, -306, -675, 571, 1014.61, 39.91
292754, 9, -8, -980, -140, 210, 1610, -306, -682, 580, 1014.62, 39.90
292794, 2, 5, -990, -4760, -1890, 2590, -301, -694, 580, 1014.65, 39.91
292834, -3, 1, -987, -1680, -2520, 3290, -295, -685, 576, 1014.65, 39.91
292874, -8, 0, -978, -1610, 1890, -1120, -300, -685, 580, 1014.65, 39.91
292914, 21, 6, -993, -2100, 6650, -1960, -303, -684, 573, 1014.67, 39.90
292954, 0, -3, -982, -1120, 2660, 3010, -304, -682, 582, 1014.65, 39.90
292994, 22, 10, -991, -3780, 4550, 1050, -312, -678, 574, 1014.71, 39.89
293034, 10, 6, -992, -630, -420, -2030, -312, -678, 576, 1014.67, 39.89
293074, 18, 13, -983, 1890, -1050, -3430, -304, -676, 571, 1014.66, 39.89
293114, 20, -17, -988, 4620, -4270, 210, -309, -679, 585, 1014.68, 39.87
293154, -7, 1, -969, -6580, -8190, 2450, -307, -673, 582, 1014.63, 39.87
293194, 0, 16, -989, -770, -3500, -2660, -312, -672, 588, 1014.60, 39.86
293234, -8, 10, -985, -840, 0, -1960, -310, -675, 577, 1014.64, 39.86
293274, 2, 2, -981, 910, 4200, -700, -306, -675, 576, 1014.69, 39.84
293314, 11, 5, -984, -700, 5110, -1050, -306, -672, 582, 1014.68, 39.84
293354, -1, 2, -979, -2590, 2800, -1330, -318, -673, 579, 1014.68, 39.83
293394, 25, 7, -980, -5670, 5460, 1820, -309, -673, 580, 1014.66, 39.82
293434, 4, 27, -985, -6860, -490, 1750, -303, -672, 586, 1014.71, 39.81
293474, 5, 9, -987, -1820, 1960, 1120, -306, -670, 579, 1014.69, 39.81
293514, 22, 21, -977, -1750, 3010, -1680, -312, -673, 576, 1014.71, 39.80
